Pilar,Titulo del articulo,Keyword a atacar,Keywords a evitar,Categorias relacionadas,Tipo de abordaje,Estimacion de busquedas mensuales,Descripcion meta
Diagnostico,Senales tempranas de autismo en bebes,senales tempranas autismo,signos autismo;deteccion autismo temprano,Diagnostico y Evaluacion,Guia,3200,Descubre las senales de autismo mas comunes en bebes para un diagnostico temprano y eficaz.
Diagnostico,Como interpretar el test M-CHAT paso a paso,test M-CHAT interpretacion,M-CHAT;prueba autismo infantil,Diagnostico y Evaluacion,Checklist,1200,Aprende a interpretar los resultados del test M-CHAT con nuestra guia practica y detallada.
Diagnostico,Comparativa M-CHAT vs ADOS cual elegir,M-CHAT vs ADOS,pruebas autismo;evaluacion TEA,Diagnostico y Evaluacion,Comparativa,900,Analizamos las diferencias entre M-CHAT y ADOS para ayudarte a elegir la prueba de diagnostico ideal.
Diagnostico,Diagnostico tardio de autismo en adultos,diagnostico autismo adultos,autismo en adultos;deteccion tardia TEA,Diagnostico y Evaluacion;Vida Adulta,Testimonio,450,Historias y pautas para el diagnostico tardio de autismo en adultos claves y recursos de apoyo.
Diagnostico,Niveles de apoyo en el TEA explicacion y ejemplos,niveles de apoyo autismo,grado autismo;niveles TEA DSM-5,Diagnostico y Evaluacion,Guia,500,Entiende los niveles de apoyo en el trastorno del espectro autista y como se aplican en cada caso.
Diagnostico,Autismo en ninas señales que suelen pasar desapercibidas,autismo en ninas señales,simtomas autismo ninas;TEA femenino,Diagnostico y Evaluacion;Percepcion Sensorial,Articulo,800,Descubre las senales de autismo en ninas que a menudo no se detectan y como identificarlas a tiempo.
Percepcion Sensorial y Regulacion,Hipersensibilidad auditiva en autismo causas y soluciones,hipersensibilidad auditiva autismo,sensibilidad sonora TEA;ruidos autismo,Percepcion Sensorial y Regulacion,Guia,1500,Conoce por que aparece la hipersensibilidad auditiva en TEA y descubre estrategias de alivio.
Percepcion Sensorial y Regulacion,Rutinas vestibulares para mejorar el equilibrio en TEA,rutinas vestibulares autismo,ejercicios equilibrio autismo;terapia vestibular TEA,Percepcion Sensorial y Regulacion,Tutorial,600,Implementa rutinas vestibulares efectivas para mejorar el equilibrio y la regulacion sensorial en TEA.
Percepcion Sensorial y Regulacion,Guia de texturas tacto y autismo para un entorno comodo,texturas autismo tacto,sensibilidad tactil TEA;materiales sensoriales autismo,Percepcion Sensorial y Regulacion,Checklist,400,Lista de texturas recomendadas y evitadas para crear entornos tactiles agradables para personas con TEA.
Percepcion Sensorial y Regulacion,Interocepcion en autismo reconocer señales internas,interocepcion autismo,sensaciones internas TEA;conciencia corporal autismo,Percepcion Sensorial y Regulacion,Articulo,300,Aprende a identificar y trabajar la interocepcion en TEA para mejorar la conciencia de sensaciones internas.
Percepcion Sensorial y Regulacion,Comparativa de sobrecarga sensorial ambientes ruidosos vs tranquilos,sobrecarga sensorial autismo,estres sensorial TEA;entornos autismo,Percepcion Sensorial y Regulacion,Comparativa,350,Analizamos como distintos ambientes afectan la sobrecarga sensorial en TEA y como adaptarlos.
Percepcion Sensorial y Regulacion,Tecnicas de autorregulacion emocional para crisis sensoriales,autorregulacion autismo,gestion emocional TEA;calma autismo,Percepcion Sensorial y Regulacion;Salud Mental y Bienestar,Tutorial,450,Descubre tecnicas de autorregulacion emocional para manejar crisis sensoriales en personas con TEA.
Comunicacion y Habilidades Sociales,Estrategias para fomentar la comunicacion no verbal en TEA,comunicacion no verbal autismo,lenguaje autista;comunicacion alternativa TEA,Comunicacion y Habilidades Sociales,Guia,700,Guia con ejercicios para mejorar la comunicacion no verbal en personas dentro del espectro autista.
Comunicacion y Habilidades Sociales,Juegos de rol para fortalecer habilidades sociales en autismo,juegos rol autismo,actividades sociales TEA;juegos inclusivos autismo,Comunicacion y Habilidades Sociales;Educacion e Inclusión,Tutorial,250,Descubre juegos de rol disenados para desarrollar habilidades sociales en ninos y adultos con TEA.
Comunicacion y Habilidades Sociales,Turn-taking en TEA dinamicas para practicar el intercambio social,turn-taking autismo,turnos conversacion autismo;interaccion social TEA,Comunicacion y Habilidades Sociales,Checklist,200,Lista de dinamicas de turn-taking para mejorar la fluidez y reciprocidad en la comunicacion TEA.
Comunicacion y Habilidades Sociales,Uso de pictogramas en comunicacion autista guia practica,pictogramas autismo,comunicacion visual TEA;PECS autismo,Comunicacion y Habilidades Sociales;Tecnologia;Educacion e Inclusión,Guia,900,Aprende a implementar pictogramas como herramienta de comunicacion en entornos escolares y familiares.
Comunicacion y Habilidades Sociales,Role-playing digital apps para practicas sociales en TEA,apps comunicacion autismo,software autismo;tecnologia TEA,Comunicacion y Habilidades Sociales;Tecnologia;Innovacion y Nuevos Enfoques,Review,500,Resena de apps de role-playing para practicar habilidades sociales con apoyo digital en TEA.
Tratamiento e Innovacion,Introduccion a la terapia ABA fundamentos y controversias,terapia ABA autismo,ABA vs TEACCH;tratamiento autismo,Tratamiento e Innovacion,Articulo,1600,Conoce los pilares de la terapia ABA en TEA su efectividad y debates actuales en el campo.
Tratamiento e Innovacion,Realidad virtual terapeutica para autismo casos de exito,realidad virtual autismo,VR TEA;tecnologia terapeutica autismo,Tratamiento e Innovacion;Tecnologia;Innovacion y Nuevos Enfoques,Testimonio,300,Historias de exito en el uso de realidad virtual para mejorar habilidades en personas con TEA.
Tratamiento e Innovacion,Musicoterapia en autismo beneficios y protocolos,musicoterapia autismo,terapia musical TEA;beneficios arteterapia,Tratamiento e Innovacion,Guia,450,Descubre como la musicoterapia apoya la comunicacion y regulacion emocional en TEA.
Tratamiento e Innovacion,Comparativa TEACCH vs DIRFloortime enfoques en desarrollo,TEACCH vs Floortime,metodos autismo;enfoques TEA,Tratamiento e Innovacion,Comparativa,200,Analizamos dos metodos de intervencion en TEA TEACCH y DIRFloortime para guiar tu eleccion.
Tratamiento e Innovacion,Terapia ocupacional sensorial integrar tactil y propioceptivo,terapia ocupacional sensorial,TO autismo;ocupacional TEA,Tratamiento e Innovacion;Percepcion Sensorial y Regulacion,Tutorial,350,Protocolo de terapia ocupacional sensorial que integra tacticas tactiles y propioceptivas en TEA.
Tratamiento e Innovacion,Agricultura sensorial huertos inclusivos para TEA,agricultura sensorial autismo,huertos terapeuticos;jardines inclusivos autismo,Tratamiento e Innovacion;Innovacion y Nuevos Enfoques,Caso de uso,150,Proyecto de huertos sensoriales para jovenes TEA beneficios practicos y resultados medidos.
Educacion,Adaptaciones curriculares para aulas inclusivas TEA,adaptaciones curriculares TEA,inclusion escolar autismo;educacion especial TEA,Educacion e Inclusión,Guia,700,Guia practica para implementar adaptaciones curriculares que favorezcan la inclusion de alumnos TEA.
Educacion,Diseno universal en el aula casos y herramientas,diseno universal aula,UDL autismo;accesibilidad educacion,Educacion e Inclusión;Tecnologia,Tutorial,300,Explora ejemplos y herramientas de diseno universal para un aprendizaje accesible en TEA.
Educacion,Formacion docente en TEA recursos y cursos esenciales,formacion docente autismo,capacitacion profesores TEA;educadores TEA,Educacion e Inclusión,Lista de recursos,250,Listado de cursos webinars y manuales para capacitar docentes en atencion a TEA.
Educacion,Recursos didacticos modulares para estudiantes con autismo,recursos didacticos autismo,material educativo TEA;recursos escolares autismo,Educacion e Inclusión,Recurso,400,Plantillas y modulos didacticos listos para descargar y usar con estudiantes en el espectro.
Educacion,Plataformas online inclusivas para TEA comparacion,plataformas educacion autismo,e-learning TEA;cursos online autismo,Educacion e Inclusión;Tecnologia,Comparativa,200,Comparacion de plataformas educativas online con modulos adaptados para alumnado TEA.
Familia,Manejo de la ansiedad en autismo estrategias practicas,ansiedad autismo estrategias,ansiedad TEA;tratar ansiedad autista,Salud Mental y Bienestar;Percepcion Sensorial y Regulacion,Guia,900,Tecnicas simples y efectivas para controlar la ansiedad en personas con autismo.
Familia,Depresion y TEA señales de alerta y apoyo integral,depresion autismo,baja autoestima TEA;salud mental autistas,Salud Mental y Bienestar,Articulo,300,Identifica signos de depresion en personas con TEA y conoce los recursos de ayuda disponibles.
Familia,Burnout neurodivergente prevencion y cuidado,burnout autismo,agotamiento TEA;fatiga adaptativa autismo,Salud Mental y Bienestar;Comunidad Derechos y Marco Legal,Tutorial,150,Descubre como prevenir y manejar el burnout en autistas que constantemente deben adaptarse.
Familia,Mindfulness adaptado para personas con TEA,mindfulness autismo,meditacion TEA;atencion plena autismo,Salud Mental y Bienestar,Guia,250,Guia de practicas mindfulness disenadas para mejorar la atencion y la calma en TEA.
Familia,Autocuidado en cuidadores de personas con autismo,autocuidado cuidadores autismo,soporte familia TEA;ansiedad cuidadores TEA,Salud Mental y Bienestar;Familia,Checklist,180,Checklist con habitos y recursos para el autocuidado de quienes cuidan a personas con TEA.
Familia,Terapias de arte para la regulacion emocional en TEA,arte terapia autismo,arteterapia TEA;pintura emocional autismo,Salud Mental y Bienestar;Tratamiento e Innovacion,Caso real,200,Explora como la arteterapia puede ayudar a regular emociones y mejorar la comunicacion en TEA.
Sociedad,Derechos laborales leyes que protegen a trabajadores TEA,leyes autismo empleo,derechos TEA;normativa laboral autismo,Comunidad Derechos y Marco Legal;Vida Adulta Transicion y Autonomia,Informe,130,Resumen de la normativa que garantiza la inclusion laboral de personas con TEA en Hispanoamerica.
Sociedad,Como emprender activismo pro TEA en tu ciudad,activismo autismo,movimiento TEA;sensibilizacion autismo,Comunidad Derechos y Marco Legal,Tutorial,100,Pasos practicos para organizar acciones de activismo y sensibilizar sobre el autismo localmente.
Sociedad,Grupos de apoyo online para familias TEA,grupos apoyo autismo,foro autismo;comunidad TEA online,Comunidad Derechos y Marco Legal;Familia,Recurso,200,Directorio de grupos de apoyo y comunidades online para familias y personas con TEA.
Sociedad,Politicas de inclusion en escuelas modelos exitosos,politicas inclusion autismo,normas TEA educativas;legislacion escolar TEA,Comunidad Derechos y Marco Legal;Educacion e Inclusión,Reportaje,80,Casos de exito de politicas escolares que promueven la inclusion de estudiantes con TEA.
Sociedad,Acceso a servicios de salud mental para TEA,servicios salud mental autismo,atencion psicologica TEA;terapia mental autismo,Comunidad Derechos y Marco Legal;Salud Mental y Bienestar,Guia,250,Como y donde acceder a servicios de salud mental especializados para personas con TEA.
Sociedad,Mapeo colaborativo de recursos autismo en tu region,mapa recursos autismo,directorios TEA;servicios autismo region,Comunidad Derechos y Marco Legal;Tecnologia;Innovacion y Nuevos Enfoques,Caso de uso,120, Plataforma para crear mapas colaborativos de servicios y apoyos para TEA en tu comunidad.
Sociedad,Phenotipado remoto herramientas digitales en TEA,phenotipado remoto autismo,telemedicina TEA;monitorizacion autismo,Tecnologia Investigacion y Genetica;Tratamiento e Innovacion,Reportaje,80,Descubre plataformas digitales para phenotipado remoto y seguimiento de parametros en TEA.
Sociedad,Genes de alto impacto en autismo funciones y evidencias,genes autismo,genetica TEA;mutaciones autismo,Tecnologia Investigacion y Genetica,Articulo,90,Analisis de genes clave implicados en el autismo y su papel en el desarrollo neuronal.
Sociedad,Big data y autismo oportunidades de investigacion,big data autismo,datos autismo;analisis masas TEA,Tecnologia Investigacion y Genetica;Innovacion y Nuevos Enfoques,Reportaje,60,Como se usa el big data para descubrir patrones y mejorar intervenciones en TEA.
Sociedad,Apps de telemedicina para el seguimiento en TEA,apps telemedicina autismo,software autismo seguimiento;plataformas TEA,Tecnologia Investigacion y Genetica;Innovacion y Nuevos Enfoques;Comunidad Derechos y Marco Legal,Review,150,Resena de apps de telemedicina que facilitan el seguimiento medico de personas con TEA.
Sociedad,Inteligencia artificial en el diagnostico temprano de autismo,IA autismo diagnostico,machine learning TEA;algoritmos autismo,Tecnologia Investigacion y Genetica;Diagnostico,Analisis,70,Exploramos como la IA puede acelerar y mejorar el diagnostico temprano del trastorno del espectro autista.
