Pilar,Título del artículo,KeyworPilar,Título del artículo,Keyword a atacar,Keywords a evitar,Categorías relacionadas,Tipo de abordaje,Est. búsquedas mensuales,Descripción meta
Diagnóstico y Evaluación,Señales tempranas de autismo en bebés,señales tempranas autismo,signos autismo;detección autismo temprano,Diagnóstico y Evaluación,Guía,3200,Descubre las señales de autismo más comunes en bebés para un diagnóstico temprano y eficaz.
Diagnóstico y Evaluación,Cómo interpretar el test M-CHAT paso a paso,test M-CHAT interpretación,M-CHAT;prueba autismo infantil,Diagnóstico y Evaluación,Checklist,1200,Aprende a interpretar los resultados del test M-CHAT con nuestra guía práctica y detallada.
Diagnóstico y Evaluación,Comparativa M-CHAT vs ADOS: ¿cuál elegir?,M-CHAT vs ADOS,pruebas autismo;evaluación TEA,Diagnóstico y Evaluación,Comparativa,900,Analizamos las diferencias entre M-CHAT y ADOS para ayudarte a elegir la prueba de diagnóstico ideal.
Diagnóstico y Evaluación,Diagnóstico tardío de autismo en adultos,diagnóstico autismo adultos,autismo en adultos;detección tardía TEA,Diagnóstico y Evaluación;Vida Adulta,Testimonio,450,Historias y pautas para el diagnóstico tardío de autismo en adultos: claves y recursos de apoyo.
Diagnóstico y Evaluación,Niveles de apoyo en el TEA: explicación y ejemplos,niveles de apoyo autismo,grado autismo;niveles TEA DSM-5,Diagnóstico y Evaluación,Guía,500,Entiende los niveles de apoyo en el trastorno del espectro autista y cómo se aplican en cada caso.
Diagnóstico y Evaluación,Autismo en niñas: señales que suelen pasar desapercibidas,autismo en niñas señales,síntomas autismo niñas;TEA femenino,Diagnóstico y Evaluación;Percepción Sensorial,Artículo,800,Descubre las señales de autismo en niñas que a menudo no se detectan y cómo identificarlas a tiempo.
Percepción Sensorial y Regulación,Hipersensibilidad auditiva en autismo: causas y soluciones,hipersensibilidad auditiva autismo,sensibilidad sonora TEA;ruidos autismo,Percepción Sensorial y Regulación,Guía,1500,Conoce por qué aparece la hipersensibilidad auditiva en TEA y descubre estrategias de alivio.
Percepción Sensorial y Regulación,Rutinas vestibulares para mejorar el equilibrio en TEA,rutinas vestibulares autismo,ejercicios equilibrio autismo;terapia vestibular TEA,Percepción Sensorial y Regulación,Tutorial,600,Implementa rutinas vestibulares efectivas para mejorar el equilibrio y la regulación sensorial en TEA.
Percepción Sensorial y Regulación,Guía de texturas: tacto y autismo para un entorno cómodo,texturas autismo tacto,sensibilidad táctil TEA;materiales sensoriales autismo,Percepción Sensorial y Regulación,Checklist,400,Lista de texturas recomendadas y evitadas para crear entornos táctiles agradables para personas con TEA.
Percepción Sensorial y Regulación,Interocepción en autismo: reconocer señales internas,interocepción autismo,sensaciones internas TEA;conciencia corporal autismo,Percepción Sensorial y Regulación,Artículo,300,Aprende a identificar y trabajar la interocepción en TEA para mejorar la conciencia de sensaciones internas.
Percepción Sensorial y Regulación,Comparativa de sobrecarga sensorial: ambientes ruidosos vs tranquilos,sobrecarga sensorial autismo,estrés sensorial TEA;entornos autismo,Percepción Sensorial y Regulación,Comparativa,350,Analizamos cómo distintos ambientes afectan la sobrecarga sensorial en TEA y cómo adaptarlos.
Percepción Sensorial y Regulación,Técnicas de autorregulación emocional para crisis sensoriales,autorregulación autismo,gestión emocional TEA;calma autismo,Percepción Sensorial y Regulación;Salud Mental y Bienestar,Tutorial,450,Descubre técnicas de autorregulación emocional para manejar crisis sensoriales en personas con TEA.
Comunicación y Habilidades Sociales,Estrategias para fomentar la comunicación no verbal en TEA,comunicación no verbal autismo,lenguaje autista;comunicación alternativa TEA,Comunicación y Habilidades Sociales,Guía,700,Guía con ejercicios para mejorar la comunicación no verbal en personas dentro del espectro autista.
Comunicación y Habilidades Sociales,Juegos de rol para fortalecer habilidades sociales en autismo,juegos rol autismo,actividades sociales TEA;juegos inclusivos autismo,Comunicación y Habilidades Sociales;Educación e Inclusión,Tutorial,250,Descubre juegos de rol diseñados para desarrollar habilidades sociales en niños y adultos con TEA.
Comunicación y Habilidades Sociales,Turn-taking en TEA: dinámicas para practicar el intercambio social,turn-taking autismo,turnos conversación autismo;interacción social TEA,Comunicación y Habilidades Sociales,Checklist,200,Lista de dinámicas de turn-taking para mejorar la fluidez y reciprocidad en la comunicación TEA.
Comunicación y Habilidades Sociales,Uso de pictogramas en comunicación autista: guía práctica,pictogramas autismo,comunicación visual TEA;PECS autismo,Comunicación y Habilidades Sociales;Tecnología;Educación e Inclusión,Guía,900,Aprende a implementar pictogramas como herramienta de comunicación en entornos escolares y familiares.
Comunicación y Habilidades Sociales,Role-playing digital: apps para prácticas sociales en TEA,apps comunicación autismo,software autismo;tecnología TEA,Comunicación y Habilidades Sociales;Tecnología;Innovación y Nuevos Enfoques,Review,500,Reseña de apps de role-playing para practicar habilidades sociales con apoyo digital en TEA.
Intervención, Terapias e Innovación,Introducción a la terapia ABA: fundamentos y controversias,terapia ABA autismo,ABA vs TEACCH;tratamiento autismo,Intervención, Terapias e Innovación,Artículo,1600,Conoce los pilares de la terapia ABA en TEA, su efectividad y debates actuales en el campo.
Intervención, Terapias e Innovación,Realidad virtual terapéutica para autismo: casos de éxito,realidad virtual autismo,VR TEA;tecnología terapéutica autismo,Intervención, Terapias e Innovación;Tecnología;Innovación y Nuevos Enfoques,Testimonio,300,Historias de éxito en el uso de realidad virtual para mejorar habilidades en personas con TEA.
Intervención, Terapias e Innovación,Musicoterapia en autismo: beneficios y protocolos,musicoterapia autismo,terapia musical TEA;beneficios arteterapia,Intervención, Terapias e Innovación,Guía,450,Descubre cómo la musicoterapia apoya la comunicación y regulación emocional en TEA.
Intervención, Terapias e Innovación,Comparativa TEACCH vs DIR/Floortime: enfoques en desarrollo,TEACCH vs Floortime,métodos autismo;enfoques TEA,Intervención, Terapias e Innovación,Comparativa,200,Analizamos dos métodos de intervención en TEA: TEACCH y DIR/Floortime para guiar tu elección.
Intervención, Terapias e Innovación,Terapia ocupacional sensorial: integrar táctil y propioceptivo,terapia ocupacional sensorial,T.O. autismo;ocupacional TEA,Intervención, Terapias e Innovación;Percepción Sensorial y Regulación,Tutorial,350,Protocolo de terapia ocupacional sensorial que integra tácticas táctiles y propioceptivas en TEA.
Intervención, Terapias e Innovación,Agricultura sensorial: huertos inclusivos para TEA,agricultura sensorial autismo,huertos terapéuticos;jardines inclusivos autismo,Intervención, Terapias e Innovación;Innovación y Nuevos Enfoques,Caso de uso,150,Proyecto de huertos sensoriales para jóvenes TEA: beneficios prácticos y resultados medidos.
Educación e Inclusión,Adaptaciones curriculares para aulas inclusivas TEA,adaptaciones curriculares TEA,inclusión escolar autismo;educación especial TEA,Educación e Inclusión,Guía,700,Guía práctica para implementar adaptaciones curriculares que favorezcan la inclusión de alumnos TEA.
Educación e Inclusión,Diseño universal en el aula: casos y herramientas,diseño universal aula,UDL autismo;accesibilidad educación,Educación e Inclusión;Tecnología,Tutorial,300,Explora ejemplos y herramientas de diseño universal para un aprendizaje accesible en TEA.
Educación e Inclusión,Formación docente en TEA: recursos y cursos esenciales,formación docente autismo,capacitación profesores TEA;educadores TEA,Educación e Inclusión,Lista de recursos,250,Listado de cursos, webinars y manuales para capacitar docentes en atención a TEA.
Educación e Inclusión,Recursos didácticos modulares para estudiantes con autismo,recursos didácticos autismo,material educativo TEA;recursos escolares autismo,Educación e Inclusión,Recurso,400,Plantillas y módulos didácticos listos para descargar y usar con estudiantes en el espectro.
Educación e Inclusión,Plataformas online inclusivas para TEA: comparación,plataformas educación autismo,e-learning TEA;cursos online autismo,Educación e Inclusión;Tecnología,Comparativa,200,Comparación de plataformas educativas online con módulos adaptados para alumnado TEA.
Salud Mental y Bienestar,Manejo de la ansiedad en autismo: estrategias prácticas,ansiedad autismo estrategias,ansiedad TEA;tratar ansiedad autista,Salud Mental y Bienestar;Percepción Sensorial y Regulación,Guía,900,Técnicas simples y efectivas para controlar la ansiedad en personas con autismo.
Salud Mental y Bienestar,Depresión y TEA: señales de alerta y apoyo integral,depresión autismo,baja autoestima TEA;salud mental autistas,Salud Mental y Bienestar,Artículo,300,Identifica signos de depresión en personas con TEA y conoce los recursos de ayuda disponibles.
Salud Mental y Bienestar,Burnout neurodivergente: prevención y cuidado,burnout autismo,agotamiento TEA;fatiga adaptativa autismo,Salud Mental y Bienestar;Comunidad, Derechos y Marco Legal,Tutorial,150,Descubre cómo prevenir y manejar el burnout en autistas que constantemente deben adaptarse.
Salud Mental y Bienestar,Mindfulness adaptado para personas con TEA,mindfulness autismo,meditación TEA;atención plena autismo,Salud Mental y Bienestar,Guía,250,Guía de prácticas mindfulness diseñadas para mejorar la atención y la calma en TEA.
Salud Mental y Bienestar,Autocuidado en cuidadores de personas con autismo,autocuidado cuidadores autismo,soporte familia TEA;ansiedad cuidadores TEA,Salud Mental y Bienestar;Familia,Checklist,180,Checklist con hábitos y recursos para el autocuidado de quienes cuidan a personas con TEA.
Salud Mental y Bienestar,Terapias de arte para la regulación emocional en TEA,arte terapia autismo,arteterapia TEA;pintura emocional autismo,Salud Mental y Bienestar;Intervención, Terapias e Innovación,Caso real,200,Explora cómo la arteterapia puede ayudar a regular emociones y mejorar la comunicación en TEA.
Salud Mental y Bienestar,Eje intestino-cerebro: apoyo nutricional en TEA,microbiota autismo nutrición,dieta autista;suplementos TEA,Salud Mental y Bienestar;Innovación y Nuevos Enfoques,Guía,250,Recomendaciones nutricionales para equilibrar la microbiota y su impacto en el comportamiento TEA.
Vida Adulta, Transición y Autonomía,Guía para buscar empleo adaptado a autistas,empleo autismo,inserción laboral TEA;trabajo autismo,Vida Adulta, Transición y Autonomía,Guía,400,Estrategias y recursos para encontrar empleo inclusivo y adaptado a personas con TEA.
Vida Adulta, Transición y Autonomía,Vivir solo con autismo: consejos de autonomía,autonomía autismo,vida independiente TEA;vivienda autistas,Vida Adulta, Transición y Autonomía,Checklist,180,Checklist de habilidades y apoyos necesarios para una vida independiente con TEA.
Vida Adulta, Transición y Autonomía,Sexualidad y relaciones para adultos con TEA,sexualidad autismo,relaciones TEA;intimidad autistas,Vida Adulta, Transición y Autonomía,Artículo,220,Guía respetuosa y clara para abordar la sexualidad y las relaciones en adultos con TEA.
Vida Adulta, Transición y Autonomía,Transición a la universidad: recursos para estudiantes TEA,universidad autismo,educación superior TEA;bac carreras autismo,Vida Adulta, Transición y Autonomía;Educación e Inclusión,Guía,150,Recopilación de apoyos y adaptaciones para estudiantes universitarios en el espectro autista.
Vida Adulta, Transición y Autonomía,Derechos laborales: leyes que protegen a trabajadores TEA,leyes autismo empleo,derechos TEA;normativa laboral autismo,Comunidad, Derechos y Marco Legal;Vida Adulta, Transición y Autonomía,Informe,130,Resumen de la normativa que garantiza la inclusión laboral de personas con TEA en Hispanoamérica.
Comunidad, Derechos y Marco Legal,Cómo emprender activismo pro TEA en tu ciudad,activismo autismo,movimiento TEA;sensibilización autismo,Comunidad, Derechos y Marco Legal,Tutorial,100,Pasos prácticos para organizar acciones de activismo y sensibilizar sobre el autismo localmente.
Comunidad, Derechos y Marco Legal,Grupos de apoyo online para familias TEA,grupos apoyo autismo,foro autismo;comunidad TEA online,Comunidad, Derechos y Marco Legal;Familia,Recurso,200,Directorio de grupos de apoyo y comunidades online para familias y personas con TEA.
Comunidad, Derechos y Marco Legal,Políticas de inclusión en escuelas: modelos exitosos,políticas inclusión autismo,normas TEA educativas;legislación escolar TEA,Comunidad, Derechos y Marco Legal;Educación e Inclusión,Reportaje,80,Casos de éxito de políticas escolares que promueven la inclusión de estudiantes con TEA.
Comunidad, Derechos y Marco Legal,Acceso a servicios de salud mental para TEA,servicios salud mental autismo,atención psicológica TEA;terapia mental autismo,Comunidad, Derechos y Marco Legal;Salud Mental y Bienestar,Guía,250,Cómo y dónde acceder a servicios de salud mental especializados para personas con TEA.
Comunidad, Derechos y Marco Legal,Mapeo colaborativo de recursos autismo en tu región,mapa recursos autismo,directorios TEA;servicios autismo región,Comunidad, Derechos y Marco Legal;Tecnología;Innovación y Nuevos Enfoques,Caso de uso,120,Plataforma para crear mapas colaborativos de servicios y apoyos para TEA en tu comunidad.
Tecnología, Investigación y Genética,Phenotipado remoto: herramientas digitales en TEA,phenotipado remoto autismo,telemedicina TEA;monitorización autismo,Tecnología, Investigación y Genética;Intervención, Terapias e Innovación,Reportaje,80,Descubre plataformas digitales para phenotipado remoto y seguimiento de parámetros en TEA.
Tecnología, Investigación y Genética,Genes de alto impacto en autismo: funciones y evidencias,genes autismo,genética TEA;mutaciones autismo,Tecnología, Investigación y Genética,Artículo,90,Análisis de genes clave implicados en el autismo y su papel en el desarrollo neuronal.
Tecnología, Investigación y Genética,Big data y autismo: oportunidades de investigación,big data autismo,datos autismo;análisis masas TEA,Tecnología, Investigación y Genética;Innovación y Nuevos Enfoques,Reportaje,60,Cómo se usa el big data para descubrir patrones y mejorar intervenciones en TEA.
Tecnología, Investigación y Genética,Apps de telemedicina para el seguimiento en TEA,apps telemedicina autismo,software autismo seguimiento;plataformas TEA,Tecnología, Investigación y Genética;Innovación y Nuevos Enfoques;Comunidad, Derechos y Marco Legal,Review,150,Reseña de apps de telemedicina que facilitan el seguimiento médico de personas con TEA.
Tecnología, Investigación y Genética,Inteligencia artificial en el diagnóstico temprano de autismo,IA autismo diagnóstico,machine learning TEA;algoritmos autismo,Tecnología, Investigación y Genética;Diagnóstico y Evaluación,Análisis,70,Exploramos cómo la IA puede acelerar y mejorar el diagnóstico temprano del trastorno del espectro autista.
